样本ID,配对方式,记录类型,来源文件,偏移,内核时间戳,内核版本,内核归属是否可信,驱动构建(打印函数@行号),记录内日期,counts,cc,ratio,重算ratio,ratio自洽,region,日志region,index_t,温度档来源,tbat(0.1C),日志temp索引,日志行号k,重算k,无cali的k,日志count_thr,日志值来源,日志值mV,IC实持term_now,重算值mV,重算值mV(不减cali),是否一致,一致类型,温度档是否影响取值,表归属,温度档未知时的候选值,候选命中档,备注
S001,D,ddrc_status,BACKUP-20260926/oplusreserve2.img,0x7532624,6.101502,6.6.89,False,oplus_gauge_get_ddrc_status@1536,,1699,335,50,50,True,3,,,未知,,,,,,,ddrc_status[0],3250,3250,,,True,一致(任意温度档),True,原厂表(与当前 ROM 表一致),"{""cold"": 3060, ""cool"": 3150, ""normal"": 3250, ""warm"": 3250}","[""normal"", ""warm""]","f4=[3250, 3250, 3200, 3200] f5=[0, 335, 1699, 50, 0]"
S002,D,ddrc_status,BACKUP-20260926/oplusreserve2.img,0x7adfc77,6.540845,6.6.89-android15-8-g7e1f3c083cc6-abogki467167594-4k,True,oplus_gauge_get_ddrc_status@1536,,1699,335,50,50,True,3,,,未知,,,,,,,ddrc_status[0],3250,3250,,,True,一致(任意温度档),True,原厂表(与当前 ROM 表一致),"{""cold"": 3060, ""cool"": 3150, ""normal"": 3250, ""warm"": 3250}","[""normal"", ""warm""]","f4=[3250, 3250, 3200, 3200] f5=[0, 335, 1699, 50, 0]"
S003,D,ddrc_status,BACKUP-20260926/oplusreserve2.img,0xa290d9b,5.721172,6.6.89-android15-8-g7e1f3c083cc6-abogki467167594-4k,True,oplus_gauge_get_ddrc_status@1536,,1159,224,51,51,True,3,,,未知,,,,,,,ddrc_status[0],3150,3000,,,True,一致(任意温度档),True,原厂表(与当前 ROM 表一致),"{""cold"": 3050, ""cool"": 3060, ""normal"": 3150, ""warm"": 3150}","[""normal"", ""warm""]","f4=[3150, 3000, 3100, 2950] f5=[222, 224, 1159, 51, 0]"
S004,D,ddrc_status,BACKUP-20260926/oplusreserve2.img,0xa332b96,6.634945,6.6.89-android15-8-g7e1f3c083cc6-abogki467167594-4k,True,oplus_gauge_get_ddrc_status@1536,,1387,263,52,52,True,3,,,未知,,,,,,,ddrc_status[0],3150,3150,,,True,一致(任意温度档),True,原厂表(与当前 ROM 表一致),"{""cold"": 3050, ""cool"": 3060, ""normal"": 3150, ""warm"": 3150}","[""normal"", ""warm""]","f4=[3150, 3150, 3100, 3100] f5=[0, 263, 1387, 52, 0]"
S005,D,ddrc_status,BACKUP-20260926/oplusreserve2.img,0xa3cb941,6.634945,6.6.89-android15-8-g7e1f3c083cc6-abogki467167594-4k,True,oplus_gauge_get_ddrc_status@1536,,1387,263,52,52,True,3,,,未知,,,,,,,ddrc_status[0],3150,3150,,,True,一致(任意温度档),True,原厂表(与当前 ROM 表一致),"{""cold"": 3050, ""cool"": 3060, ""normal"": 3150, ""warm"": 3150}","[""normal"", ""warm""]","f4=[3150, 3150, 3100, 3100] f5=[0, 263, 1387, 52, 0]"
S006,D,ddrc_status,BACKUP-20260926/oplusreserve2.img,0xa4840eb,6.759333,6.6.89-android15-8-g7e1f3c083cc6-abogki467167594-4k,True,oplus_gauge_get_ddrc_status@1536,,1699,335,50,50,True,3,,,未知,,,,,,,ddrc_status[0],3250,3250,,,True,一致(任意温度档),True,原厂表(与当前 ROM 表一致),"{""cold"": 3060, ""cool"": 3150, ""normal"": 3250, ""warm"": 3250}","[""normal"", ""warm""]","f4=[3250, 3250, 3200, 3200] f5=[0, 335, 1699, 50, 0]"
S007,D,ddrc_status,BACKUP-20260926/oplusreserve2.img,0xa51bdd3,6.98874,6.6.89-android15-8-g7e1f3c083cc6-abogki467167594-4k,True,oplus_gauge_get_ddrc_status@1536,,1159,224,51,51,True,3,,,未知,,,,,,,ddrc_status[0],3150,3000,,,True,一致(任意温度档),True,原厂表(与当前 ROM 表一致),"{""cold"": 3050, ""cool"": 3060, ""normal"": 3150, ""warm"": 3150}","[""normal"", ""warm""]","f4=[3150, 3000, 3100, 2950] f5=[222, 224, 1159, 51, 0]"
S008,D,ddrc_status,BACKUP-20260926/oplusreserve2.img,0xa695691,6.029454,6.6.89-android15-8-g7e1f3c083cc6-abogki467167594-4k,True,oplus_gauge_get_ddrc_status@1536,,1159,224,51,51,True,3,,,未知,,,,,,,ddrc_status[0],3150,3000,,,True,一致(任意温度档),True,原厂表(与当前 ROM 表一致),"{""cold"": 3050, ""cool"": 3060, ""normal"": 3150, ""warm"": 3150}","[""normal"", ""warm""]","f4=[3150, 3000, 3100, 2950] f5=[222, 224, 1159, 51, 0]"
S009,A,crux_alpha,BACKUP-20260926/oplusreserve3.img,0x14cd6fa,90.789452,?,False,oplus_chg_track_upload_trigger_data@6021,2026-09-27 02:30:23,1699,335,50,50,True,3,3,3,tbat,383,3,2,2,2,300,vterm_final,3250,3250,3250,3250,True,一致(温度档已定),,原厂表(与当前 ROM 表一致),,,
S010,D,ddrc_status,BACKUP-20260926/oplusreserve3.img,0x1426058,6.540845,?,False,oplus_gauge_get_ddrc_status@1536,,1699,335,50,50,True,3,,,未知,,,,,,,ddrc_status[0],3250,3250,,,True,一致(任意温度档),True,原厂表(与当前 ROM 表一致),"{""cold"": 3060, ""cool"": 3150, ""normal"": 3250, ""warm"": 3250}","[""normal"", ""warm""]","f4=[3250, 3250, 3200, 3200] f5=[0, 335, 1699, 50, 0]"
S011,D,ddrc_status,BACKUP-20260926/oplusreserve3.img,0x14caea6,90.690751,?,False,oplus_gauge_get_ddrc_status@1536,,1699,335,50,50,True,3,,,未知,,,,,,,ddrc_status[0],3250,3250,,,True,一致(任意温度档),True,原厂表(与当前 ROM 表一致),"{""cold"": 3060, ""cool"": 3150, ""normal"": 3250, ""warm"": 3250}","[""normal"", ""warm""]","f4=[3250, 3250, 3200, 3200] f5=[0, 335, 1699, 50, 0]"
S012,A,crux_alpha,BACKUP-20260926/oplusreserve5.img,0x6c7937,6.43715,6.6.89-android15-8-g7e1f3c083cc6-abogki467167594-4k,True,oplus_chg_track_upload_trigger_data@6021,2026-08-30 15:41:00,1625,319,50,50,True,3,3,3,tbat,351,3,2,2,2,300,vterm_final,3250,3230,3250,3250,True,一致(温度档已定),,原厂表(与当前 ROM 表一致),,,
S013,AB,crux_alpha+beta,BACKUP-20260926/oplusreserve5.img,0x147dcd0,6.539791,6.6.89-android15-8-g7e1f3c083cc6-abogki467167594-4k,False,oplus_chg_track_upload_trigger_data@6021,2026-08-27 17:19:03,1625,317,51,51,True,3,3,3,tbat,370,3,2,2,2,300,vterm_final,3250,3230,3250,3250,True,一致(温度档已定),,原厂表(与当前 ROM 表一致),,,α(值/档位)@0x147dcd0 + β(counts/cc)@0x1481974
S014,A,crux_alpha,BACKUP-20260926/oplusreserve5.img,0x151e70b,6.551294,6.6.89-android15-8-g7e1f3c083cc6-abogki467167594-4k,False,oplus_chg_track_upload_trigger_data@6021,,1625,314,51,51,True,3,3,3,tbat,402,3,2,2,2,300,vterm_final,3250,3210,3250,3250,True,一致(温度档已定),,原厂表(与当前 ROM 表一致),,,
S015,A,crux_alpha,BACKUP-20260926/oplusreserve5.img,0x1553320,6.953556,6.6.89-android15-8-g7e1f3c083cc6-abogki467167594-4k,False,oplus_chg_track_upload_trigger_data@6013,2026-03-28 03:50:38,763,173,44,44,True,2,2,2,tbat,350,3,1,1,1,15,vterm_final,3060,2800,3060,3060,True,一致(温度档已定),,原厂表(与当前 ROM 表一致),,,
S016,B,crux_beta,BACKUP-20260926/oplusreserve5.img,0x649b8d,6.456683,6.6.89-android15-8-g7e1f3c083cc6-abogki467167594-4k,True,oplus_chg_track_upload_trigger_data@6021,,1625,313,51,51,True,3,,3,tbat,369,,,2,2,300,,,3210,3250,3250,,,,原厂表(与当前 ROM 表一致),,,
S017,B,crux_beta,BACKUP-20260926/oplusreserve5.img,0x15e7582,7.561963,6.6.89-android15-8-g7e1f3c083cc6-abogki467167594-4k,False,,2026-03-27 21:21:14,763,172,44,44,True,2,,2,tbat,341,,,1,1,0,,,2800,3060,3060,,,,原厂表(与当前 ROM 表一致),,,
S018,D,ddrc_status,BACKUP-20260926/oplusreserve5.img,0x608129,6.339995,6.6.89-android15-8-g7e1f3c083cc6-abogki467167594-4k,True,oplus_gauge_get_ddrc_status@1536,,1625,316,51,51,True,3,,,未知,,,,,,,ddrc_status[0],3250,3230,,,True,一致(任意温度档),True,原厂表(与当前 ROM 表一致),"{""cold"": 3060, ""cool"": 3150, ""normal"": 3250, ""warm"": 3250}","[""normal"", ""warm""]","f4=[3250, 3230, 3200, 3180] f5=[315, 316, 1625, 51, 0]"
S019,D,ddrc_status,BACKUP-20260926/oplusreserve5.img,0x60c12d,6.391091,6.6.89-android15-8-g7e1f3c083cc6-abogki467167594-4k,True,oplus_gauge_get_ddrc_status@1536,,1625,316,51,51,True,3,,,未知,,,,,,,ddrc_status[0],3250,3230,,,True,一致(任意温度档),True,原厂表(与当前 ROM 表一致),"{""cold"": 3060, ""cool"": 3150, ""normal"": 3250, ""warm"": 3250}","[""normal"", ""warm""]","f4=[3250, 3230, 3200, 3180] f5=[315, 316, 1625, 51, 0]"
S020,D,ddrc_status,BACKUP-20260926/oplusreserve5.img,0x626684,6.376535,6.6.89-android15-8-g7e1f3c083cc6-abogki467167594-4k,True,oplus_gauge_get_ddrc_status@1536,,1625,317,51,51,True,3,,,未知,,,,,,,ddrc_status[0],3250,3230,,,True,一致(任意温度档),True,原厂表(与当前 ROM 表一致),"{""cold"": 3060, ""cool"": 3150, ""normal"": 3250, ""warm"": 3250}","[""normal"", ""warm""]","f4=[3250, 3230, 3200, 3180] f5=[315, 317, 1625, 51, 0]"
S021,D,ddrc_status,BACKUP-20260926/oplusreserve5.img,0x6ba833,6.250365,6.6.89-android15-8-g7e1f3c083cc6-abogki467167594-4k,True,oplus_gauge_get_ddrc_status@1536,,1625,319,50,50,True,3,,,未知,,,,,,,ddrc_status[0],3250,3230,,,True,一致(任意温度档),True,原厂表(与当前 ROM 表一致),"{""cold"": 3060, ""cool"": 3150, ""normal"": 3250, ""warm"": 3250}","[""normal"", ""warm""]","f4=[3250, 3230, 3200, 3180] f5=[315, 319, 1625, 50, 0]"
S022,D,ddrc_status,BACKUP-20260926/oplusreserve5.img,0x6c43ed,6.361933,6.6.89-android15-8-g7e1f3c083cc6-abogki467167594-4k,True,oplus_gauge_get_ddrc_status@1536,,1625,319,50,50,True,3,,,未知,,,,,,,ddrc_status[0],3250,3230,,,True,一致(任意温度档),True,原厂表(与当前 ROM 表一致),"{""cold"": 3060, ""cool"": 3150, ""normal"": 3250, ""warm"": 3250}","[""normal"", ""warm""]","f4=[3250, 3230, 3200, 3180] f5=[315, 319, 1625, 50, 0]"
S023,D,ddrc_status,BACKUP-20260926/oplusreserve5.img,0x88339c,6.433445,6.6.89-android15-8-g7e1f3c083cc6-abogki467167594-4k,True,oplus_gauge_get_ddrc_status@1536,,1625,317,51,51,True,3,,,未知,,,,,,,ddrc_status[0],3250,3230,,,True,一致(任意温度档),True,原厂表(与当前 ROM 表一致),"{""cold"": 3060, ""cool"": 3150, ""normal"": 3250, ""warm"": 3250}","[""normal"", ""warm""]","f4=[3250, 3230, 3200, 3180] f5=[315, 317, 1625, 51, 0]"
S024,D,ddrc_status,BACKUP-20260926/oplusreserve5.img,0x8ac29d,6.345591,6.6.89-android15-8-g7e1f3c083cc6-abogki467167594-4k,True,oplus_gauge_get_ddrc_status@1536,,1665,327,50,50,True,3,,,未知,,,,,,,ddrc_status[0],3250,3250,,,True,一致(任意温度档),True,原厂表(与当前 ROM 表一致),"{""cold"": 3060, ""cool"": 3150, ""normal"": 3250, ""warm"": 3250}","[""normal"", ""warm""]","f4=[3250, 3250, 3200, 3200] f5=[0, 327, 1665, 50, 0]"
S025,D,ddrc_status,BACKUP-20260926/oplusreserve5.img,0xa6b13c,6.306203,6.6.89-android15-8-g7e1f3c083cc6-abogki467167594-4k,True,oplus_gauge_get_ddrc_status@1536,,1625,317,51,51,True,3,,,未知,,,,,,,ddrc_status[0],3250,3230,,,True,一致(任意温度档),True,原厂表(与当前 ROM 表一致),"{""cold"": 3060, ""cool"": 3150, ""normal"": 3250, ""warm"": 3250}","[""normal"", ""warm""]","f4=[3250, 3230, 3200, 3180] f5=[315, 317, 1625, 51, 0]"
S026,D,ddrc_status,BACKUP-20260926/oplusreserve5.img,0xa6cd96,6.347116,6.6.89-android15-8-g7e1f3c083cc6-abogki467167594-4k,True,oplus_gauge_get_ddrc_status@1536,,1625,317,51,51,True,3,,,未知,,,,,,,ddrc_status[0],3250,3230,,,True,一致(任意温度档),True,原厂表(与当前 ROM 表一致),"{""cold"": 3060, ""cool"": 3150, ""normal"": 3250, ""warm"": 3250}","[""normal"", ""warm""]","f4=[3250, 3230, 3200, 3180] f5=[315, 317, 1625, 51, 0]"
S027,D,ddrc_status,BACKUP-20260926/oplusreserve5.img,0xe847bd,6.241168,6.6.89-android15-8-g7e1f3c083cc6-abogki467167594-4k,True,oplus_gauge_get_ddrc_status@1536,,1677,329,50,50,True,3,,,未知,,,,,,,ddrc_status[0],3250,3250,,,True,一致(任意温度档),True,原厂表(与当前 ROM 表一致),"{""cold"": 3060, ""cool"": 3150, ""normal"": 3250, ""warm"": 3250}","[""normal"", ""warm""]","f4=[3250, 3250, 3200, 3200] f5=[0, 329, 1677, 50, 0]"
S028,D,ddrc_status,BACKUP-20260926/oplusreserve5.img,0xe888a6,6.279993,6.6.89-android15-8-g7e1f3c083cc6-abogki467167594-4k,True,oplus_gauge_get_ddrc_status@1536,,1677,329,50,50,True,3,,,未知,,,,,,,ddrc_status[0],3250,3250,,,True,一致(任意温度档),True,原厂表(与当前 ROM 表一致),"{""cold"": 3060, ""cool"": 3150, ""normal"": 3250, ""warm"": 3250}","[""normal"", ""warm""]","f4=[3250, 3250, 3200, 3200] f5=[0, 329, 1677, 50, 0]"
S029,D,ddrc_status,BACKUP-20260926/oplusreserve5.img,0xe8a89f,6.299719,6.6.89-android15-8-g7e1f3c083cc6-abogki467167594-4k,True,oplus_gauge_get_ddrc_status@1536,,1677,329,50,50,True,3,,,未知,,,,,,,ddrc_status[0],3250,3250,,,True,一致(任意温度档),True,原厂表(与当前 ROM 表一致),"{""cold"": 3060, ""cool"": 3150, ""normal"": 3250, ""warm"": 3250}","[""normal"", ""warm""]","f4=[3250, 3250, 3200, 3200] f5=[0, 329, 1677, 50, 0]"
S030,D,ddrc_status,BACKUP-20260926/oplusreserve5.img,0x100cbb8,6.330854,6.6.89-android15-8-g7e1f3c083cc6-abogki467167594-4k,True,oplus_gauge_get_ddrc_status@1536,,1625,317,51,51,True,3,,,未知,,,,,,,ddrc_status[0],3250,3230,,,True,一致(任意温度档),True,原厂表(与当前 ROM 表一致),"{""cold"": 3060, ""cool"": 3150, ""normal"": 3250, ""warm"": 3250}","[""normal"", ""warm""]","f4=[3250, 3230, 3200, 3180] f5=[315, 317, 1625, 51, 0]"
S031,D,ddrc_status,BACKUP-20260926/oplusreserve5.img,0x109c3b1,6.33335,6.6.89-android15-8-g7e1f3c083cc6-abogki467167594-4k,True,oplus_gauge_get_ddrc_status@1536,,1677,329,50,50,True,3,,,未知,,,,,,,ddrc_status[0],3250,3250,,,True,一致(任意温度档),True,原厂表(与当前 ROM 表一致),"{""cold"": 3060, ""cool"": 3150, ""normal"": 3250, ""warm"": 3250}","[""normal"", ""warm""]","f4=[3250, 3250, 3200, 3200] f5=[0, 329, 1677, 50, 0]"
S032,D,ddrc_status,BACKUP-20260926/oplusreserve5.img,0x140003e,6.540845,6.6.89-android15-8-g7e1f3c083cc6-abogki467167594-4k,True,oplus_gauge_get_ddrc_status@1536,,1699,335,50,50,True,3,,,未知,,,,,,,ddrc_status[0],3250,3250,,,True,一致(任意温度档),True,原厂表(与当前 ROM 表一致),"{""cold"": 3060, ""cool"": 3150, ""normal"": 3250, ""warm"": 3250}","[""normal"", ""warm""]","f4=[3250, 3250, 3200, 3200] f5=[0, 335, 1699, 50, 0]"
S033,D,ddrc_status,BACKUP-20260926/oplusreserve5.img,0x1476078,6.387118,6.6.89-android15-8-g7e1f3c083cc6-abogki467167594-4k,False,oplus_gauge_get_ddrc_status@1536,,1625,317,51,51,True,3,,,未知,,,,,,,ddrc_status[0],3250,3230,,,True,一致(任意温度档),True,原厂表(与当前 ROM 表一致),"{""cold"": 3060, ""cool"": 3150, ""normal"": 3250, ""warm"": 3250}","[""normal"", ""warm""]","f4=[3250, 3230, 3200, 3180] f5=[315, 317, 1625, 51, 0]"
S034,D,ddrc_status,BACKUP-20260926/oplusreserve5.img,0x147a5e8,6.475017,6.6.89-android15-8-g7e1f3c083cc6-abogki467167594-4k,False,oplus_gauge_get_ddrc_status@1536,,1625,316,51,51,True,3,,,未知,,,,,,,ddrc_status[0],3250,3230,,,True,一致(任意温度档),True,原厂表(与当前 ROM 表一致),"{""cold"": 3060, ""cool"": 3150, ""normal"": 3250, ""warm"": 3250}","[""normal"", ""warm""]","f4=[3250, 3230, 3200, 3180] f5=[315, 316, 1625, 51, 0]"
S035,D,ddrc_status,BACKUP-20260926/oplusreserve5.img,0x147b4db,6.450835,6.6.89-android15-8-g7e1f3c083cc6-abogki467167594-4k,False,oplus_gauge_get_ddrc_status@1536,,1625,317,51,51,True,3,,,未知,,,,,,,ddrc_status[0],3250,3230,,,True,一致(任意温度档),True,原厂表(与当前 ROM 表一致),"{""cold"": 3060, ""cool"": 3150, ""normal"": 3250, ""warm"": 3250}","[""normal"", ""warm""]","f4=[3250, 3230, 3200, 3180] f5=[315, 317, 1625, 51, 0]"
S036,D,ddrc_status,BACKUP-20260926/oplusreserve5.img,0x147bc0f,6.475482,6.6.89-android15-8-g7e1f3c083cc6-abogki467167594-4k,False,oplus_gauge_get_ddrc_status@1536,,1625,317,51,51,True,3,,,未知,,,,,,,ddrc_status[0],3250,3230,,,True,一致(任意温度档),True,原厂表(与当前 ROM 表一致),"{""cold"": 3060, ""cool"": 3150, ""normal"": 3250, ""warm"": 3250}","[""normal"", ""warm""]","f4=[3250, 3230, 3200, 3180] f5=[315, 317, 1625, 51, 0]"
S037,D,ddrc_status,BACKUP-20260926/oplusreserve5.img,0x150c547,6.417366,6.6.89-android15-8-g7e1f3c083cc6-abogki467167594-4k,False,oplus_gauge_get_ddrc_status@1536,,1625,314,51,51,True,3,,,未知,,,,,,,ddrc_status[0],3250,3210,,,True,一致(任意温度档),True,原厂表(与当前 ROM 表一致),"{""cold"": 3060, ""cool"": 3150, ""normal"": 3250, ""warm"": 3250}","[""normal"", ""warm""]","f4=[3250, 3210, 3200, 3160] f5=[310, 314, 1625, 51, 0]"
S038,D,ddrc_status,BACKUP-20260926/oplusreserve5.img,0x151c753,6.469306,6.6.89-android15-8-g7e1f3c083cc6-abogki467167594-4k,False,oplus_gauge_get_ddrc_status@1536,,1625,314,51,51,True,3,,,未知,,,,,,,ddrc_status[0],3250,3210,,,True,一致(任意温度档),True,原厂表(与当前 ROM 表一致),"{""cold"": 3060, ""cool"": 3150, ""normal"": 3250, ""warm"": 3250}","[""normal"", ""warm""]","f4=[3250, 3210, 3200, 3160] f5=[310, 314, 1625, 51, 0]"
S039,D,ddrc_status,BACKUP-20260926/oplusreserve5.img,0x154956c,6.821673,6.6.89-android15-8-g7e1f3c083cc6-abogki467167594-4k,False,oplus_gauge_get_ddrc_status@1536,,763,173,44,44,True,2,,,未知,,,,,,,ddrc_status[0],3060,2800,,,True,一致(任意温度档),True,原厂表(与当前 ROM 表一致),"{""cold"": 3000, ""cool"": 3060, ""normal"": 3060, ""warm"": 3060}","[""cool"", ""normal"", ""warm""]","f4=[3060, 2800, 3000, 2740] f5=[172, 173, 763, 44, 0]"
S040,D,ddrc_status,BACKUP-20260926/oplusreserve5.img,0x15ae43f,6.486979,6.6.89-android15-8-g7e1f3c083cc6-abogki467167594-4k,False,oplus_gauge_get_ddrc_status@1536,,763,172,44,44,True,2,,,未知,,,,,,,ddrc_status[0],2800,2800,,,False,不一致,True,非原厂表(2800 解容期改表),"{""cold"": 3000, ""cool"": 3060, ""normal"": 3060, ""warm"": 3060}",[],"f4=[2800, 2800, 2800, 2800] f5=[0, 172, 763, 44, 0] 四元组全等(改表指纹)"
S041,D,ddrc_status,BACKUP-20260926/oplusreserve5.img,0x15ba522,6.52689,6.6.89-android15-8-g7e1f3c083cc6-abogki467167594-4k,False,oplus_gauge_get_ddrc_status@1536,,763,172,44,44,True,2,,,未知,,,,,,,ddrc_status[0],2800,2800,,,False,不一致,True,非原厂表(2800 解容期改表),"{""cold"": 3000, ""cool"": 3060, ""normal"": 3060, ""warm"": 3060}",[],"f4=[2800, 2800, 2800, 2800] f5=[0, 172, 763, 44, 0] 四元组全等(改表指纹)"
S042,D,ddrc_status,BACKUP-20260926/oplusreserve5.img,0x15c444d,6.548169,6.6.89-android15-8-g7e1f3c083cc6-abogki467167594-4k,False,oplus_gauge_get_ddrc_status@1536,,763,172,44,44,True,2,,,未知,,,,,,,ddrc_status[0],2800,2800,,,False,不一致,True,非原厂表(2800 解容期改表),"{""cold"": 3000, ""cool"": 3060, ""normal"": 3060, ""warm"": 3060}",[],"f4=[2800, 2800, 2800, 2800] f5=[0, 172, 763, 44, 0] 四元组全等(改表指纹)"
S043,AB,crux_alpha+beta,DEVDUMPS-20261005/sdf3.bin,0x578479c,6.847823,6.6.89-android15-8-gf4dc45704e54-abogki446052083-4k,True,oplus_chg_track_upload_trigger_data@5678,,256,57,44,44,True,2,2,3,tbat,361,3,1,1,1,15,vterm_final,3060,3060,3060,3060,True,一致(温度档已定),,原厂表(与当前 ROM 表一致),,,α(值/档位)@0x578479c + β(counts/cc)@0x57857ef
S044,AB,crux_alpha+beta,DEVDUMPS-20261005/sdf3.bin,0x66b4727,7.125431,6.6.66-android15-8-g29d86c5fc9dd-abogki428889875-4k,True,oplus_chg_track_upload_trigger_data@5614,,0,1,0,0,True,0,0,2,tbat,301,2,0,0,0,50,vterm_final,3060,3060,3060,3060,True,一致(温度档已定),,原厂表(与当前 ROM 表一致),,,α(值/档位)@0x66b4727 + β(counts/cc)@0x66b5848
S045,AB,crux_alpha+beta,DEVDUMPS-20261005/sdf3.bin,0x7ab3471,6.656546,6.6.66-android15-8-g29d86c5fc9dd-abogki428889875-4k,True,oplus_chg_track_upload_trigger_data@5614,2025-10-26 15:11:09,0,1,0,0,True,0,0,2,tbat,304,2,0,0,0,50,vterm_final,3060,3060,3060,3060,True,一致(温度档已定),,原厂表(与当前 ROM 表一致),,,α(值/档位)@0x7ab3471 + β(counts/cc)@0x7ab4cb0
S046,A,crux_alpha,DEVDUMPS-20261005/sdf3.bin,0x99257f7,12.73448,6.6.118-android15-8-g93e223c276e7-abogki500782043-4k,False,oplus_chg_track_upload_trigger_data@4805,,1758,344,51,51,True,3,3,3,tbat,352,3,2,2,2,300,vterm_final,3250,2540,3250,3250,True,一致(温度档已定),,原厂表(与当前 ROM 表一致),,,
S047,D,ddrc_status,DEVDUMPS-20261005/sdf3.bin,0xbd2798,11.159904,6.6.89-android15-8-g7e1f3c083cc6-abogki467167594-4k,True,oplus_gauge_get_ddrc_status@1562,,1699,336,50,50,True,3,,,未知,,,,,,,ddrc_status[0],3250,3250,,,True,一致(任意温度档),True,原厂表(与当前 ROM 表一致),"{""cold"": 3060, ""cool"": 3150, ""normal"": 3250, ""warm"": 3250}","[""normal"", ""warm""]","f4=[3250, 3250, 3200, 3200] f5=[0, 336, 1699, 50, 0]"
S048,D,ddrc_status,DEVDUMPS-20261005/sdf3.bin,0x2d82629,11.195813,6.6.118-android15-8-g9bc34d5b0c79-abogki537459655-4k,True,oplus_gauge_get_ddrc_status@1562,,1699,336,50,50,True,3,,,未知,,,,,,,ddrc_status[0],3250,3250,,,True,一致(任意温度档),True,原厂表(与当前 ROM 表一致),"{""cold"": 3060, ""cool"": 3150, ""normal"": 3250, ""warm"": 3250}","[""normal"", ""warm""]","f4=[3250, 3250, 3200, 3200] f5=[0, 336, 1699, 50, 0]"
S049,D,ddrc_status,DEVDUMPS-20261005/sdf3.bin,0x4348e85,6.711302,6.6.118-android15-8-g9bc34d5b0c79-abogki537459655-4k,True,oplus_gauge_get_ddrc_status@1536,,1699,336,50,50,True,3,,,未知,,,,,,,ddrc_status[0],3250,3250,,,True,一致(任意温度档),True,原厂表(与当前 ROM 表一致),"{""cold"": 3060, ""cool"": 3150, ""normal"": 3250, ""warm"": 3250}","[""normal"", ""warm""]","f4=[3250, 3250, 3200, 3200] f5=[0, 336, 1699, 50, 0]"
S050,D,ddrc_status,DEVDUMPS-20261005/sdf3.bin,0x531f041,6.528771,6.6.89-android15-8-gf4dc45704e54-abogki446052083-4k,True,oplus_gauge_get_ddrc_status@1375,,136,20,68,68,True,3,,,未知,,,,,,,ddrc_status[0],3060,3060,,,True,一致(任意温度档),True,原厂表(与当前 ROM 表一致),"{""cold"": 3000, ""cool"": 3060, ""normal"": 3060, ""warm"": 3060}","[""cool"", ""normal"", ""warm""]","f4=[3060, 3060, 3000, 3000] f5=[0, 20, 136, 68, 0]"
S051,D,ddrc_status,DEVDUMPS-20261005/sdf3.bin,0x5781578,6.737056,6.6.89-android15-8-gf4dc45704e54-abogki446052083-4k,True,oplus_gauge_get_ddrc_status@1375,,256,57,44,44,True,2,,,未知,,,,,,,ddrc_status[0],3060,3060,,,True,一致(任意温度档),True,原厂表(与当前 ROM 表一致),"{""cold"": 3000, ""cool"": 3060, ""normal"": 3060, ""warm"": 3060}","[""cool"", ""normal"", ""warm""]","f4=[3060, 3060, 3000, 3000] f5=[0, 57, 256, 44, 0]"
S052,D,ddrc_status,DEVDUMPS-20261005/sdf3.bin,0x5782c1e,6.759972,6.6.89-android15-8-gf4dc45704e54-abogki446052083-4k,True,oplus_gauge_get_ddrc_status@1375,,256,57,44,44,True,2,,,未知,,,,,,,ddrc_status[0],3060,3060,,,True,一致(任意温度档),True,原厂表(与当前 ROM 表一致),"{""cold"": 3000, ""cool"": 3060, ""normal"": 3060, ""warm"": 3060}","[""cool"", ""normal"", ""warm""]","f4=[3060, 3060, 3000, 3000] f5=[0, 57, 256, 44, 0]"
S053,D,ddrc_status,DEVDUMPS-20261005/sdf3.bin,0x578355f,6.790595,6.6.89-android15-8-gf4dc45704e54-abogki446052083-4k,True,oplus_gauge_get_ddrc_status@1375,,256,57,44,44,True,2,,,未知,,,,,,,ddrc_status[0],3060,3060,,,True,一致(任意温度档),True,原厂表(与当前 ROM 表一致),"{""cold"": 3000, ""cool"": 3060, ""normal"": 3060, ""warm"": 3060}","[""cool"", ""normal"", ""warm""]","f4=[3060, 3060, 3000, 3000] f5=[0, 57, 256, 44, 0]"
S054,D,ddrc_status,DEVDUMPS-20261005/sdf3.bin,0x66b2466,6.981214,6.6.66-android15-8-g29d86c5fc9dd-abogki428889875-4k,True,oplus_gauge_get_ddrc_status@1375,,0,1,0,0,True,0,,,未知,,,,,,,ddrc_status[0],3060,3060,,,True,一致(任意温度档),True,原厂表(与当前 ROM 表一致),"{""cold"": 3000, ""cool"": 3060, ""normal"": 3060, ""warm"": 3060}","[""cool"", ""normal"", ""warm""]","f4=[3060, 3060, 3000, 3000] f5=[0, 1, 0, 0, 0]"
S055,D,ddrc_status,DEVDUMPS-20261005/sdf3.bin,0x66b3357,7.034128,6.6.66-android15-8-g29d86c5fc9dd-abogki428889875-4k,True,oplus_gauge_get_ddrc_status@1375,,0,1,0,0,True,0,,,未知,,,,,,,ddrc_status[0],3060,3060,,,True,一致(任意温度档),True,原厂表(与当前 ROM 表一致),"{""cold"": 3000, ""cool"": 3060, ""normal"": 3060, ""warm"": 3060}","[""cool"", ""normal"", ""warm""]","f4=[3060, 3060, 3000, 3000] f5=[0, 1, 0, 0, 0]"
S056,D,ddrc_status,DEVDUMPS-20261005/sdf3.bin,0x66b3d9e,7.047889,6.6.66-android15-8-g29d86c5fc9dd-abogki428889875-4k,True,oplus_gauge_get_ddrc_status@1375,,0,1,0,0,True,0,,,未知,,,,,,,ddrc_status[0],3060,3060,,,True,一致(任意温度档),True,原厂表(与当前 ROM 表一致),"{""cold"": 3000, ""cool"": 3060, ""normal"": 3060, ""warm"": 3060}","[""cool"", ""normal"", ""warm""]","f4=[3060, 3060, 3000, 3000] f5=[0, 1, 0, 0, 0]"
S057,D,ddrc_status,DEVDUMPS-20261005/sdf3.bin,0x7731105,6.532371,6.6.118-android15-8-g93e223c276e7-abogki500782043-4k,True,oplus_gauge_get_ddrc_status@1536,,1699,336,50,50,True,3,,,未知,,,,,,,ddrc_status[0],3250,3250,,,True,一致(任意温度档),True,原厂表(与当前 ROM 表一致),"{""cold"": 3060, ""cool"": 3150, ""normal"": 3250, ""warm"": 3250}","[""normal"", ""warm""]","f4=[3250, 3250, 3200, 3200] f5=[0, 336, 1699, 50, 0]"
S058,D,ddrc_status,DEVDUMPS-20261005/sdf3.bin,0x7aaf9c2,6.421682,6.6.66-android15-8-g29d86c5fc9dd-abogki428889875-4k,True,oplus_gauge_get_ddrc_status@1375,,0,1,0,0,True,0,,,未知,,,,,,,ddrc_status[0],3060,3060,,,True,一致(任意温度档),True,原厂表(与当前 ROM 表一致),"{""cold"": 3000, ""cool"": 3060, ""normal"": 3060, ""warm"": 3060}","[""cool"", ""normal"", ""warm""]","f4=[3060, 3060, 3000, 3000] f5=[0, 1, 0, 0, 0]"
S059,D,ddrc_status,DEVDUMPS-20261005/sdf3.bin,0x7ab2a43,6.573748,6.6.66-android15-8-g29d86c5fc9dd-abogki428889875-4k,True,oplus_gauge_get_ddrc_status@1375,,0,1,0,0,True,0,,,未知,,,,,,,ddrc_status[0],3060,3060,,,True,一致(任意温度档),True,原厂表(与当前 ROM 表一致),"{""cold"": 3000, ""cool"": 3060, ""normal"": 3060, ""warm"": 3060}","[""cool"", ""normal"", ""warm""]","f4=[3060, 3060, 3000, 3000] f5=[0, 1, 0, 0, 0]"
S060,D,ddrc_status,DEVDUMPS-20261005/sdf3.bin,0x7ab2c6b,6.58681,6.6.66-android15-8-g29d86c5fc9dd-abogki428889875-4k,True,oplus_gauge_get_ddrc_status@1375,,0,1,0,0,True,0,,,未知,,,,,,,ddrc_status[0],3060,3060,,,True,一致(任意温度档),True,原厂表(与当前 ROM 表一致),"{""cold"": 3000, ""cool"": 3060, ""normal"": 3060, ""warm"": 3060}","[""cool"", ""normal"", ""warm""]","f4=[3060, 3060, 3000, 3000] f5=[0, 1, 0, 0, 0]"
S061,D,ddrc_status,DEVDUMPS-20261005/sdf3.bin,0x7d6892c,6.675816,6.6.118-android15-8-g93e223c276e7-abogki500782043-4k,True,oplus_gauge_get_ddrc_status@1536,,1699,335,50,50,True,3,,,未知,,,,,,,ddrc_status[0],3250,3250,,,True,一致(任意温度档),True,原厂表(与当前 ROM 表一致),"{""cold"": 3060, ""cool"": 3150, ""normal"": 3250, ""warm"": 3250}","[""normal"", ""warm""]","f4=[3250, 3250, 3200, 3200] f5=[0, 335, 1699, 50, 0]"
S062,D,ddrc_status,DEVDUMPS-20261005/sdf3.bin,0x9922a8e,12.627293,6.6.118-android15-8-g93e223c276e7-abogki500782043-4k,False,oplus_gauge_get_ddrc_status@506,,1758,344,51,51,True,3,,,未知,,,,,,,ddrc_status[0],3250,2540,,,True,一致(任意温度档),True,原厂表(与当前 ROM 表一致),"{""cold"": 3060, ""cool"": 3150, ""normal"": 3250, ""warm"": 3250}","[""normal"", ""warm""]","f4=[3250, 2540, 3200, 2490] f5=[340, 344, 1758, 51, 0]"
S063,D,ddrc_status,DEVDUMPS-20261005/sdf3.bin,0x9924537,12.652865,6.6.118-android15-8-g93e223c276e7-abogki500782043-4k,False,oplus_gauge_get_ddrc_status@506,,1758,344,51,51,True,3,,,未知,,,,,,,ddrc_status[0],3250,2540,,,True,一致(任意温度档),True,原厂表(与当前 ROM 表一致),"{""cold"": 3060, ""cool"": 3150, ""normal"": 3250, ""warm"": 3250}","[""normal"", ""warm""]","f4=[3250, 2540, 3200, 2490] f5=[340, 344, 1758, 51, 0]"
S064,D,ddrc_status,DEVDUMPS-20261005/sdf3.bin,0xa388e29,5.752394,6.6.89-android15-8-g7e1f3c083cc6-abogki467167594-4k,True,oplus_gauge_get_ddrc_status@1536,,1758,344,51,51,True,3,,,未知,,,,,,,ddrc_status[0],3250,3350,,,True,一致(任意温度档),True,原厂表(与当前 ROM 表一致),"{""cold"": 3060, ""cool"": 3150, ""normal"": 3250, ""warm"": 3250}","[""normal"", ""warm""]","f4=[3250, 3350, 3200, 3300] f5=[340, 344, 1758, 51, 0]"
S065,D,ddrc_status,DEVDUMPS-20261005/sdf3.bin,0xae9a6aa,21.085831,6.6.30-android15-8-g013ec21bba94-abogki383916444-4k,True,oplus_gauge_get_ddrc_status@506,,1758,344,51,51,True,3,,,未知,,,,,,,ddrc_status[0],3250,3350,,,True,一致(任意温度档),True,原厂表(与当前 ROM 表一致),"{""cold"": 3060, ""cool"": 3150, ""normal"": 3250, ""warm"": 3250}","[""normal"", ""warm""]","f4=[3250, 3350, 3200, 3300] f5=[340, 344, 1758, 51, 0]"
S066,D,ddrc_status,DEVDUMPS-20261005/sdf3.bin,0xc46d22c,11.190475,6.6.30-android15-8-g013ec21bba94-abogki383916444-4k,True,oplus_gauge_get_ddrc_status@506,,1758,344,51,51,True,3,,,未知,,,,,,,ddrc_status[0],3250,3350,,,True,一致(任意温度档),True,原厂表(与当前 ROM 表一致),"{""cold"": 3060, ""cool"": 3150, ""normal"": 3250, ""warm"": 3250}","[""normal"", ""warm""]","f4=[3250, 3350, 3200, 3300] f5=[340, 344, 1758, 51, 0]"
S067,D,ddrc_status,DEVDUMPS-20261005/sdf3.bin,0xd59b000,16.347572,6.6.118-android15-8-g93e223c276e7-abogki500782043-4k,True,oplus_gauge_get_ddrc_status@1536,,1758,344,51,51,True,3,,,未知,,,,,,,ddrc_status[0],3250,3250,,,True,一致(任意温度档),True,原厂表(与当前 ROM 表一致),"{""cold"": 3060, ""cool"": 3150, ""normal"": 3250, ""warm"": 3250}","[""normal"", ""warm""]","f4=[3250, 3250, 3200, 3200] f5=[0, 344, 1758, 51, 0]"
S068,D,ddrc_status,DEVDUMPS-20261005/sdf3.bin,0xf09a6aa,21.085831,6.6.30-android15-8-g013ec21bba94-abogki383916444-4k,True,oplus_gauge_get_ddrc_status@506,,1758,344,51,51,True,3,,,未知,,,,,,,ddrc_status[0],3250,3350,,,True,一致(任意温度档),True,原厂表(与当前 ROM 表一致),"{""cold"": 3060, ""cool"": 3150, ""normal"": 3250, ""warm"": 3250}","[""normal"", ""warm""]","f4=[3250, 3350, 3200, 3300] f5=[340, 344, 1758, 51, 0]"
S069,D,ddrc_status,DEVDUMPS-20261005/sdf3.bin,0xf18a986,6.234211,6.6.118-android15-8-g93e223c276e7-abogki500782043-4k,True,oplus_gauge_get_ddrc_status@1536,,1758,343,51,51,True,3,,,未知,,,,,,,ddrc_status[0],3250,3250,,,True,一致(任意温度档),True,原厂表(与当前 ROM 表一致),"{""cold"": 3060, ""cool"": 3150, ""normal"": 3250, ""warm"": 3250}","[""normal"", ""warm""]","f4=[3250, 3250, 3200, 3200] f5=[0, 343, 1758, 51, 0]"
S070,D,ddrc_status,DEVDUMPS-20261005/sdf3.bin,0xf4986aa,21.085831,6.6.30-android15-8-g013ec21bba94-abogki383916444-4k,True,oplus_gauge_get_ddrc_status@506,,1758,344,51,51,True,3,,,未知,,,,,,,ddrc_status[0],3250,3350,,,True,一致(任意温度档),True,原厂表(与当前 ROM 表一致),"{""cold"": 3060, ""cool"": 3150, ""normal"": 3250, ""warm"": 3250}","[""normal"", ""warm""]","f4=[3250, 3350, 3200, 3300] f5=[340, 344, 1758, 51, 0]"
S071,D,ddrc_status,DEVDUMPS-20261005/sdf4.bin,0x142d8d7,6.231402,?,False,oplus_gauge_get_ddrc_status@1536,,1758,344,51,51,True,3,,,未知,,,,,,,ddrc_status[0],3250,2540,,,True,一致(任意温度档),True,原厂表(与当前 ROM 表一致),"{""cold"": 3060, ""cool"": 3150, ""normal"": 3250, ""warm"": 3250}","[""normal"", ""warm""]","f4=[3250, 2540, 3200, 2490] f5=[344, 344, 1758, 51, 0]"
S072,A,crux_alpha,DEVDUMPS-20261005/sdf6.bin,0xb24c4d,5.927353,6.6.30-android15-8-g013ec21bba94-abogki383916444-4k,True,oplus_chg_track_upload_trigger_data@4804,,1758,344,51,51,True,3,3,3,tbat,375,3,2,2,2,300,vterm_final,3250,2540,3250,3250,True,一致(温度档已定),,原厂表(与当前 ROM 表一致),,,
S073,AB,crux_alpha+beta,DEVDUMPS-20261005/sdf6.bin,0xd29852,5.870051,6.6.30-android15-8-g013ec21bba94-abogki383916444-4k,True,oplus_chg_track_upload_trigger_data@4804,,1758,344,51,51,True,3,3,3,tbat,384,3,2,2,2,300,vterm_final,3250,3350,3250,3250,True,一致(温度档已定),,原厂表(与当前 ROM 表一致),,,α(值/档位)@0xd29852 + β(counts/cc)@0xd2d2b4
S074,A,crux_alpha,DEVDUMPS-20261005/sdf6.bin,0xf3a6ea,5.950118,6.6.30-android15-8-g013ec21bba94-abogki383916444-4k,True,oplus_chg_track_upload_trigger_data@4805,,1758,344,51,51,True,3,3,3,tbat,352,3,2,2,2,300,vterm_final,3250,2540,3250,3250,True,一致(温度档已定),,原厂表(与当前 ROM 表一致),,,
S075,A,crux_alpha,DEVDUMPS-20261005/sdf6.bin,0xfb8557,6.148261,6.6.30-android15-8-g013ec21bba94-abogki383916444-4k,True,oplus_chg_track_upload_trigger_data@4804,,1758,344,51,51,True,3,3,3,tbat,391,3,2,2,2,300,vterm_final,3250,3350,3250,3250,True,一致(温度档已定),,原厂表(与当前 ROM 表一致),,,
S076,A,crux_alpha,DEVDUMPS-20261005/sdf6.bin,0x11b49d6,6.115709,6.6.30-android15-8-g013ec21bba94-abogki383916444-4k,True,oplus_chg_track_upload_trigger_data@4804,,1758,344,51,51,True,3,3,3,tbat,405,3,2,2,2,300,vterm_final,3250,2540,3250,3250,True,一致(温度档已定),,原厂表(与当前 ROM 表一致),,,
S077,A,crux_alpha,DEVDUMPS-20261005/sdf6.bin,0x13ac809,6.142231,6.6.30-android15-8-g013ec21bba94-abogki383916444-4k,True,oplus_chg_track_upload_trigger_data@4804,,1758,344,51,51,True,3,3,3,tbat,402,3,2,2,2,300,vterm_final,3250,3350,3250,3250,True,一致(温度档已定),,原厂表(与当前 ROM 表一致),,,
S078,A,crux_alpha,DEVDUMPS-20261005/sdf6.bin,0x13cb0dd,6.163433,6.6.30-android15-8-g013ec21bba94-abogki383916444-4k,True,oplus_chg_track_upload_trigger_data@4805,,1758,344,51,51,True,3,3,3,tbat,380,3,2,2,2,300,vterm_final,3250,3350,3250,3250,True,一致(温度档已定),,原厂表(与当前 ROM 表一致),,,
S079,A,crux_alpha,DEVDUMPS-20261005/sdf6.bin,0x1506062,6.440181,6.6.30-android15-8-g013ec21bba94-abogki383916444-4k,False,oplus_chg_track_upload_trigger_data@6021,,1758,344,51,51,True,3,3,3,tbat,356,3,2,2,2,300,vterm_final,3250,2600,3250,3250,True,一致(温度档已定),,原厂表(与当前 ROM 表一致),,,
S080,D,ddrc_status,DEVDUMPS-20261005/sdf6.bin,0x5c76f5,6.100165,6.6.89-android15-8-g7e1f3c083cc6-abogki467167594-4k,True,oplus_gauge_get_ddrc_status@506,,1758,344,51,51,True,3,,,未知,,,,,,,ddrc_status[0],3250,2540,,,True,一致(任意温度档),True,原厂表(与当前 ROM 表一致),"{""cold"": 3060, ""cool"": 3150, ""normal"": 3250, ""warm"": 3250}","[""normal"", ""warm""]","f4=[3250, 2540, 3200, 2490] f5=[340, 344, 1758, 51, 0]"
S081,D,ddrc_status,DEVDUMPS-20261005/sdf6.bin,0x68d540,6.365156,6.6.89-android15-8-g7e1f3c083cc6-abogki467167594-4k,True,oplus_gauge_get_ddrc_status@1536,,1758,344,51,51,True,3,,,未知,,,,,,,ddrc_status[0],3250,3250,,,True,一致(任意温度档),True,原厂表(与当前 ROM 表一致),"{""cold"": 3060, ""cool"": 3150, ""normal"": 3250, ""warm"": 3250}","[""normal"", ""warm""]","f4=[3250, 3250, 3200, 3200] f5=[0, 344, 1758, 51, 0]"
S082,D,ddrc_status,DEVDUMPS-20261005/sdf6.bin,0x928b8c,5.936205,6.6.89-android15-8-g7e1f3c083cc6-abogki467167594-4k,True,oplus_gauge_get_ddrc_status@506,,1758,344,51,51,True,3,,,未知,,,,,,,ddrc_status[0],3250,3350,,,True,一致(任意温度档),True,原厂表(与当前 ROM 表一致),"{""cold"": 3060, ""cool"": 3150, ""normal"": 3250, ""warm"": 3250}","[""normal"", ""warm""]","f4=[3250, 3350, 3200, 3300] f5=[340, 344, 1758, 51, 0]"
S083,D,ddrc_status,DEVDUMPS-20261005/sdf6.bin,0xab07e7,6.284806,6.6.30-android15-8-g013ec21bba94-abogki383916444-4k,True,oplus_gauge_get_ddrc_status@1536,,1758,344,51,51,True,3,,,未知,,,,,,,ddrc_status[0],3250,3250,,,True,一致(任意温度档),True,原厂表(与当前 ROM 表一致),"{""cold"": 3060, ""cool"": 3150, ""normal"": 3250, ""warm"": 3250}","[""normal"", ""warm""]","f4=[3250, 3250, 3200, 3200] f5=[0, 344, 1758, 51, 0]"
S084,D,ddrc_status,DEVDUMPS-20261005/sdf6.bin,0xb1f67a,5.80947,6.6.30-android15-8-g013ec21bba94-abogki383916444-4k,True,oplus_gauge_get_ddrc_status@506,,1758,344,51,51,True,3,,,未知,,,,,,,ddrc_status[0],3250,2540,,,True,一致(任意温度档),True,原厂表(与当前 ROM 表一致),"{""cold"": 3060, ""cool"": 3150, ""normal"": 3250, ""warm"": 3250}","[""normal"", ""warm""]","f4=[3250, 2540, 3200, 2490] f5=[340, 344, 1758, 51, 0]"
S085,D,ddrc_status,DEVDUMPS-20261005/sdf6.bin,0xb2306d,5.848098,6.6.30-android15-8-g013ec21bba94-abogki383916444-4k,True,oplus_gauge_get_ddrc_status@506,,1758,344,51,51,True,3,,,未知,,,,,,,ddrc_status[0],3250,2540,,,True,一致(任意温度档),True,原厂表(与当前 ROM 表一致),"{""cold"": 3060, ""cool"": 3150, ""normal"": 3250, ""warm"": 3250}","[""normal"", ""warm""]","f4=[3250, 2540, 3200, 2490] f5=[340, 344, 1758, 51, 0]"
S086,D,ddrc_status,DEVDUMPS-20261005/sdf6.bin,0xd25150,5.765051,6.6.30-android15-8-g013ec21bba94-abogki383916444-4k,True,oplus_gauge_get_ddrc_status@506,,1758,344,51,51,True,3,,,未知,,,,,,,ddrc_status[0],3250,3350,,,True,一致(任意温度档),True,原厂表(与当前 ROM 表一致),"{""cold"": 3060, ""cool"": 3150, ""normal"": 3250, ""warm"": 3250}","[""normal"", ""warm""]","f4=[3250, 3350, 3200, 3300] f5=[340, 344, 1758, 51, 0]"
S087,D,ddrc_status,DEVDUMPS-20261005/sdf6.bin,0xd25b7c,5.786502,6.6.30-android15-8-g013ec21bba94-abogki383916444-4k,True,oplus_gauge_get_ddrc_status@506,,1758,344,51,51,True,3,,,未知,,,,,,,ddrc_status[0],3250,3350,,,True,一致(任意温度档),True,原厂表(与当前 ROM 表一致),"{""cold"": 3060, ""cool"": 3150, ""normal"": 3250, ""warm"": 3250}","[""normal"", ""warm""]","f4=[3250, 3350, 3200, 3300] f5=[340, 344, 1758, 51, 0]"
S088,D,ddrc_status,DEVDUMPS-20261005/sdf6.bin,0xd27d39,5.804797,6.6.30-android15-8-g013ec21bba94-abogki383916444-4k,True,oplus_gauge_get_ddrc_status@506,,1758,344,51,51,True,3,,,未知,,,,,,,ddrc_status[0],3250,3350,,,True,一致(任意温度档),True,原厂表(与当前 ROM 表一致),"{""cold"": 3060, ""cool"": 3150, ""normal"": 3250, ""warm"": 3250}","[""normal"", ""warm""]","f4=[3250, 3350, 3200, 3300] f5=[340, 344, 1758, 51, 0]"
S089,D,ddrc_status,DEVDUMPS-20261005/sdf6.bin,0xd941aa,6.451091,6.6.30-android15-8-g013ec21bba94-abogki383916444-4k,True,oplus_gauge_get_ddrc_status@1536,,1758,344,51,51,True,3,,,未知,,,,,,,ddrc_status[0],3250,2540,,,True,一致(任意温度档),True,原厂表(与当前 ROM 表一致),"{""cold"": 3060, ""cool"": 3150, ""normal"": 3250, ""warm"": 3250}","[""normal"", ""warm""]","f4=[3250, 2540, 3200, 2490] f5=[340, 344, 1758, 51, 0]"
S090,D,ddrc_status,DEVDUMPS-20261005/sdf6.bin,0xf350b5,5.818651,6.6.30-android15-8-g013ec21bba94-abogki383916444-4k,True,oplus_gauge_get_ddrc_status@506,,1758,344,51,51,True,3,,,未知,,,,,,,ddrc_status[0],3250,2540,,,True,一致(任意温度档),True,原厂表(与当前 ROM 表一致),"{""cold"": 3060, ""cool"": 3150, ""normal"": 3250, ""warm"": 3250}","[""normal"", ""warm""]","f4=[3250, 2540, 3200, 2490] f5=[340, 344, 1758, 51, 0]"
S091,D,ddrc_status,DEVDUMPS-20261005/sdf6.bin,0xfb3c4f,6.031087,6.6.30-android15-8-g013ec21bba94-abogki383916444-4k,True,oplus_gauge_get_ddrc_status@506,,1758,344,51,51,True,3,,,未知,,,,,,,ddrc_status[0],3250,3350,,,True,一致(任意温度档),True,原厂表(与当前 ROM 表一致),"{""cold"": 3060, ""cool"": 3150, ""normal"": 3250, ""warm"": 3250}","[""normal"", ""warm""]","f4=[3250, 3350, 3200, 3300] f5=[340, 344, 1758, 51, 0]"
S092,D,ddrc_status,DEVDUMPS-20261005/sdf6.bin,0xfb6548,6.070843,6.6.30-android15-8-g013ec21bba94-abogki383916444-4k,True,oplus_gauge_get_ddrc_status@506,,1758,344,51,51,True,3,,,未知,,,,,,,ddrc_status[0],3250,3350,,,True,一致(任意温度档),True,原厂表(与当前 ROM 表一致),"{""cold"": 3060, ""cool"": 3150, ""normal"": 3250, ""warm"": 3250}","[""normal"", ""warm""]","f4=[3250, 3350, 3200, 3300] f5=[340, 344, 1758, 51, 0]"
S093,D,ddrc_status,DEVDUMPS-20261005/sdf6.bin,0x11aed13,5.9836,6.6.30-android15-8-g013ec21bba94-abogki383916444-4k,True,oplus_gauge_get_ddrc_status@506,,1758,344,51,51,True,3,,,未知,,,,,,,ddrc_status[0],3250,2540,,,True,一致(任意温度档),True,原厂表(与当前 ROM 表一致),"{""cold"": 3060, ""cool"": 3150, ""normal"": 3250, ""warm"": 3250}","[""normal"", ""warm""]","f4=[3250, 2540, 3200, 2490] f5=[340, 344, 1758, 51, 0]"
S094,D,ddrc_status,DEVDUMPS-20261005/sdf6.bin,0x11b2aab,6.032503,6.6.30-android15-8-g013ec21bba94-abogki383916444-4k,True,oplus_gauge_get_ddrc_status@506,,1758,344,51,51,True,3,,,未知,,,,,,,ddrc_status[0],3250,2540,,,True,一致(任意温度档),True,原厂表(与当前 ROM 表一致),"{""cold"": 3060, ""cool"": 3150, ""normal"": 3250, ""warm"": 3250}","[""normal"", ""warm""]","f4=[3250, 2540, 3200, 2490] f5=[340, 344, 1758, 51, 0]"
S095,D,ddrc_status,DEVDUMPS-20261005/sdf6.bin,0x13a7f14,6.015552,6.6.30-android15-8-g013ec21bba94-abogki383916444-4k,True,oplus_gauge_get_ddrc_status@506,,1758,344,51,51,True,3,,,未知,,,,,,,ddrc_status[0],3250,3350,,,True,一致(任意温度档),True,原厂表(与当前 ROM 表一致),"{""cold"": 3060, ""cool"": 3150, ""normal"": 3250, ""warm"": 3250}","[""normal"", ""warm""]","f4=[3250, 3350, 3200, 3300] f5=[340, 344, 1758, 51, 0]"
S096,D,ddrc_status,DEVDUMPS-20261005/sdf6.bin,0x13aa9fe,6.0698,6.6.30-android15-8-g013ec21bba94-abogki383916444-4k,True,oplus_gauge_get_ddrc_status@506,,1758,344,51,51,True,3,,,未知,,,,,,,ddrc_status[0],3250,3350,,,True,一致(任意温度档),True,原厂表(与当前 ROM 表一致),"{""cold"": 3060, ""cool"": 3150, ""normal"": 3250, ""warm"": 3250}","[""normal"", ""warm""]","f4=[3250, 3350, 3200, 3300] f5=[340, 344, 1758, 51, 0]"
S097,D,ddrc_status,DEVDUMPS-20261005/sdf6.bin,0x13c9237,6.084331,6.6.30-android15-8-g013ec21bba94-abogki383916444-4k,True,oplus_gauge_get_ddrc_status@506,,1758,344,51,51,True,3,,,未知,,,,,,,ddrc_status[0],3250,3350,,,True,一致(任意温度档),True,原厂表(与当前 ROM 表一致),"{""cold"": 3060, ""cool"": 3150, ""normal"": 3250, ""warm"": 3250}","[""normal"", ""warm""]","f4=[3250, 3350, 3200, 3300] f5=[340, 344, 1758, 51, 0]"
S098,D,ddrc_status,DEVDUMPS-20261005/sdf6.bin,0x14edf7b,6.364229,6.6.30-android15-8-g013ec21bba94-abogki383916444-4k,False,oplus_gauge_get_ddrc_status@1536,,1758,344,51,51,True,3,,,未知,,,,,,,ddrc_status[0],3250,2600,,,True,一致(任意温度档),True,原厂表(与当前 ROM 表一致),"{""cold"": 3060, ""cool"": 3150, ""normal"": 3250, ""warm"": 3250}","[""normal"", ""warm""]","f4=[3250, 2600, 3200, 2550] f5=[340, 344, 1758, 51, 0]"
S099,D,ddrc_status,DEVDUMPS-20261005/sdf6.bin,0x153b4cd,6.299045,6.6.30-android15-8-g013ec21bba94-abogki383916444-4k,False,oplus_gauge_get_ddrc_status@1536,,1758,344,51,51,True,3,,,未知,,,,,,,ddrc_status[0],3250,3250,,,True,一致(任意温度档),True,原厂表(与当前 ROM 表一致),"{""cold"": 3060, ""cool"": 3150, ""normal"": 3250, ""warm"": 3250}","[""normal"", ""warm""]","f4=[3250, 3250, 3200, 3200] f5=[0, 344, 1758, 51, 0]"
S100,D,ddrc_status,DEVDUMPS-20261005/sdf6.bin,0x15d6112,6.634627,6.6.30-android15-8-g013ec21bba94-abogki383916444-4k,False,oplus_gauge_get_ddrc_status@1562,,1758,343,51,51,True,3,,,未知,,,,,,,ddrc_status[0],3250,3250,,,True,一致(任意温度档),True,原厂表(与当前 ROM 表一致),"{""cold"": 3060, ""cool"": 3150, ""normal"": 3250, ""warm"": 3250}","[""normal"", ""warm""]","f4=[3250, 3250, 3200, 3200] f5=[0, 343, 1758, 51, 0]"
S101,D,ddrc_status,DEVLOG/media/log/minidump/SYSTEM_LAST_KMSG@43ee7f64aefddb189acfd5b351eccafb@PJZ110_11.F.05_2050_202609270850@2026_10_03_10_41_12.dat.gz,0xd36d1f,,6.6.118-android15-8-g9bc34d5b0c79-abogki537459655-4k,True,oplus_gauge_get_ddrc_status@1562,,1758,343,51,51,True,3,,,未知,,,,,,,ddrc_status[0],3250,2600,,,True,一致(任意温度档),True,原厂表(与当前 ROM 表一致),"{""cold"": 3060, ""cool"": 3150, ""normal"": 3250, ""warm"": 3250}","[""normal"", ""warm""]","f4=[3250, 2600, 3200, 2550] f5=[340, 343, 1758, 51, 0]"
S102,D,ddrc_status,DEVLOG/media/log/minidump/SYSTEM_LAST_KMSG@ad0ba6381747ef1f06a36bdc8a5d7a41@PJZ110_11.F.05_2050_202609270850@2026_10_03_10_29_50.dat.gz,0xd56e07,,6.6.118-android15-8-g9bc34d5b0c79-abogki537459655-4k,True,oplus_gauge_get_ddrc_status@1562,,1758,343,51,51,True,3,,,未知,,,,,,,ddrc_status[0],3250,2800,,,True,一致(任意温度档),True,原厂表(与当前 ROM 表一致),"{""cold"": 3060, ""cool"": 3150, ""normal"": 3250, ""warm"": 3250}","[""normal"", ""warm""]","f4=[3250, 2800, 3200, 2750] f5=[340, 343, 1758, 51, 0]"
S103,D,ddrc_status,DEVLOG/media/log/minidump/SYSTEM_LAST_KMSG@d90d16e8b1ed44ca5965decbfc1dfefa@PJZ110_11.F.05_2050_202609270850@2026_10_03_10_35_26.dat.gz,0xcf7107,,6.6.118-android15-8-g9bc34d5b0c79-abogki537459655-4k,True,oplus_gauge_get_ddrc_status@1562,,1758,343,51,51,True,3,,,未知,,,,,,,ddrc_status[0],3250,2800,,,True,一致(任意温度档),True,原厂表(与当前 ROM 表一致),"{""cold"": 3060, ""cool"": 3150, ""normal"": 3250, ""warm"": 3250}","[""normal"", ""warm""]","f4=[3250, 2800, 3200, 2750] f5=[340, 343, 1758, 51, 0]"
S104,AB,crux_alpha+beta,DEVLOG/media/log/vold/storage_1_2025-11-05_14-49-26.tar.gz,0x1493e76,6.356424,6.6.66-android15-8-g29d86c5fc9dd-abogki428889875-4k,True,oplus_chg_track_upload_trigger_data@5614,2025-11-05 14:48:09,30,10,30,30,True,2,2,3,tbat,413,3,0,0,0,50,vterm_final,3060,3060,3060,3060,True,一致(温度档已定),,原厂表(与当前 ROM 表一致),,,α(值/档位)@0x1493e76 + β(counts/cc)@0x149a783
S105,D,ddrc_status,DEVLOG/media/log/vold/storage_1_2025-11-05_14-49-26.tar.gz,0x148f7ac,6.239346,6.6.66-android15-8-g29d86c5fc9dd-abogki428889875-4k,True,oplus_gauge_get_ddrc_status@1375,,30,10,30,30,True,2,,,未知,,,,,,,ddrc_status[0],3060,3060,,,True,一致(任意温度档),True,原厂表(与当前 ROM 表一致),"{""cold"": 3000, ""cool"": 3060, ""normal"": 3060, ""warm"": 3060}","[""cool"", ""normal"", ""warm""]","f4=[3060, 3060, 3000, 3000] f5=[0, 10, 30, 30, 0]"
S106,D,ddrc_status,DEVLOG/media/log/vold/storage_1_2025-11-05_14-49-26.tar.gz,0x1490c9d,6.285806,6.6.66-android15-8-g29d86c5fc9dd-abogki428889875-4k,True,oplus_gauge_get_ddrc_status@1375,,30,10,30,30,True,2,,,未知,,,,,,,ddrc_status[0],3060,3060,,,True,一致(任意温度档),True,原厂表(与当前 ROM 表一致),"{""cold"": 3000, ""cool"": 3060, ""normal"": 3060, ""warm"": 3060}","[""cool"", ""normal"", ""warm""]","f4=[3060, 3060, 3000, 3000] f5=[0, 10, 30, 30, 0]"
S107,D,ddrc_status,DEVLOG/media/log/vold/storage_1_2025-11-05_14-49-26.tar.gz,0x1492519,6.302864,6.6.66-android15-8-g29d86c5fc9dd-abogki428889875-4k,True,oplus_gauge_get_ddrc_status@1375,,30,10,30,30,True,2,,,未知,,,,,,,ddrc_status[0],3060,3060,,,True,一致(任意温度档),True,原厂表(与当前 ROM 表一致),"{""cold"": 3000, ""cool"": 3060, ""normal"": 3060, ""warm"": 3060}","[""cool"", ""normal"", ""warm""]","f4=[3060, 3060, 3000, 3000] f5=[0, 10, 30, 30, 0]"
S108,D,ddrc_status,DEVLOG/media/log/vold/storage_3_2025-12-03_10-07-48.tar.gz,0x168adf0,6.478427,6.6.66-android15-8-g29d86c5fc9dd-abogki428889875-4k,True,oplus_gauge_get_ddrc_status@1375,,217,44,49,49,True,2,,,未知,,,,,,,ddrc_status[0],3060,3060,,,True,一致(任意温度档),True,原厂表(与当前 ROM 表一致),"{""cold"": 3000, ""cool"": 3060, ""normal"": 3060, ""warm"": 3060}","[""cool"", ""normal"", ""warm""]","f4=[3060, 3060, 3000, 3000] f5=[0, 44, 217, 49, 0]"
S109,D,ddrc_status,DEVLOG/recovery/last_kmsg,0x88e29,5.752394,6.6.89-android15-8-g7e1f3c083cc6-abogki467167594-4k,True,oplus_gauge_get_ddrc_status@1536,,1758,344,51,51,True,3,,,未知,,,,,,,ddrc_status[0],3250,3350,,,True,一致(任意温度档),True,原厂表(与当前 ROM 表一致),"{""cold"": 3060, ""cool"": 3150, ""normal"": 3250, ""warm"": 3250}","[""normal"", ""warm""]","f4=[3250, 3350, 3200, 3300] f5=[340, 344, 1758, 51, 0]"
S110,D,ddrc_status,DEVLOG/recovery/last_kmsg.1,0x6d22c,11.190475,6.6.30-android15-8-g013ec21bba94-abogki383916444-4k,True,oplus_gauge_get_ddrc_status@506,,1758,344,51,51,True,3,,,未知,,,,,,,ddrc_status[0],3250,3350,,,True,一致(任意温度档),True,原厂表(与当前 ROM 表一致),"{""cold"": 3060, ""cool"": 3150, ""normal"": 3250, ""warm"": 3250}","[""normal"", ""warm""]","f4=[3250, 3350, 3200, 3300] f5=[340, 344, 1758, 51, 0]"
S111,A,crux_alpha,DEVLOG/recovery/last_kmsg.2,0x7c7f7,12.73448,6.6.66-android15-8-g29d86c5fc9dd-abogki428889875-4k,True,oplus_chg_track_upload_trigger_data@4805,,1758,344,51,51,True,3,3,3,tbat,352,3,2,2,2,300,vterm_final,3250,2540,3250,3250,True,一致(温度档已定),,原厂表(与当前 ROM 表一致),,,
S112,D,ddrc_status,DEVLOG/recovery/last_kmsg.2,0x79a8e,12.627293,6.6.66-android15-8-g29d86c5fc9dd-abogki428889875-4k,True,oplus_gauge_get_ddrc_status@506,,1758,344,51,51,True,3,,,未知,,,,,,,ddrc_status[0],3250,2540,,,True,一致(任意温度档),True,原厂表(与当前 ROM 表一致),"{""cold"": 3060, ""cool"": 3150, ""normal"": 3250, ""warm"": 3250}","[""normal"", ""warm""]","f4=[3250, 2540, 3200, 2490] f5=[340, 344, 1758, 51, 0]"
S113,D,ddrc_status,DEVLOG/recovery/last_kmsg.2,0x7b537,12.652865,6.6.66-android15-8-g29d86c5fc9dd-abogki428889875-4k,True,oplus_gauge_get_ddrc_status@506,,1758,344,51,51,True,3,,,未知,,,,,,,ddrc_status[0],3250,2540,,,True,一致(任意温度档),True,原厂表(与当前 ROM 表一致),"{""cold"": 3060, ""cool"": 3150, ""normal"": 3250, ""warm"": 3250}","[""normal"", ""warm""]","f4=[3250, 2540, 3200, 2490] f5=[340, 344, 1758, 51, 0]"
S114,D,ddrc_status,DEVLOG/recovery/last_kmsg.3,0x9e000,16.347572,6.6.118-android15-8-g93e223c276e7-abogki500782043-4k,True,oplus_gauge_get_ddrc_status@1536,,1758,344,51,51,True,3,,,未知,,,,,,,ddrc_status[0],3250,3250,,,True,一致(任意温度档),True,原厂表(与当前 ROM 表一致),"{""cold"": 3060, ""cool"": 3150, ""normal"": 3250, ""warm"": 3250}","[""normal"", ""warm""]","f4=[3250, 3250, 3200, 3200] f5=[0, 344, 1758, 51, 0]"
S115,D,ddrc_status,DEVLOG/recovery/last_kmsg.4,0x8a986,6.234211,6.6.118-android15-8-g93e223c276e7-abogki500782043-4k,True,oplus_gauge_get_ddrc_status@1536,,1758,343,51,51,True,3,,,未知,,,,,,,ddrc_status[0],3250,3250,,,True,一致(任意温度档),True,原厂表(与当前 ROM 表一致),"{""cold"": 3060, ""cool"": 3150, ""normal"": 3250, ""warm"": 3250}","[""normal"", ""warm""]","f4=[3250, 3250, 3200, 3200] f5=[0, 343, 1758, 51, 0]"
S116,D,ddrc_status,DEVLOG/tmp_log/recovery_dmesg_log_0,0x986aa,21.085831,6.6.30-android15-8-g013ec21bba94-abogki383916444-4k,True,oplus_gauge_get_ddrc_status@506,,1758,344,51,51,True,3,,,未知,,,,,,,ddrc_status[0],3250,3350,,,True,一致(任意温度档),True,原厂表(与当前 ROM 表一致),"{""cold"": 3060, ""cool"": 3150, ""normal"": 3250, ""warm"": 3250}","[""normal"", ""warm""]","f4=[3250, 3350, 3200, 3300] f5=[340, 344, 1758, 51, 0]"
S117,D,ddrc_status,DEVLOG/tmp_log/recovery_dmesg_log_1,0x986aa,21.085831,6.6.30-android15-8-g013ec21bba94-abogki383916444-4k,True,oplus_gauge_get_ddrc_status@506,,1758,344,51,51,True,3,,,未知,,,,,,,ddrc_status[0],3250,3350,,,True,一致(任意温度档),True,原厂表(与当前 ROM 表一致),"{""cold"": 3060, ""cool"": 3150, ""normal"": 3250, ""warm"": 3250}","[""normal"", ""warm""]","f4=[3250, 3350, 3200, 3300] f5=[340, 344, 1758, 51, 0]"
S118,D,ddrc_status,DEVLOG/tmp_log/recovery_dmesg_log_2,0x986aa,21.085831,6.6.30-android15-8-g013ec21bba94-abogki383916444-4k,True,oplus_gauge_get_ddrc_status@506,,1758,344,51,51,True,3,,,未知,,,,,,,ddrc_status[0],3250,3350,,,True,一致(任意温度档),True,原厂表(与当前 ROM 表一致),"{""cold"": 3060, ""cool"": 3150, ""normal"": 3250, ""warm"": 3250}","[""normal"", ""warm""]","f4=[3250, 3350, 3200, 3300] f5=[340, 344, 1758, 51, 0]"
S119,D,ddrc_status,DEVLOG/update_engine_log/merge_kernel_log,0x181629,11.195813,6.6.118-android15-8-g9bc34d5b0c79-abogki537459655-4k,True,oplus_gauge_get_ddrc_status@1562,,1699,336,50,50,True,3,,,未知,,,,,,,ddrc_status[0],3250,3250,,,True,一致(任意温度档),True,原厂表(与当前 ROM 表一致),"{""cold"": 3060, ""cool"": 3150, ""normal"": 3250, ""warm"": 3250}","[""normal"", ""warm""]","f4=[3250, 3250, 3200, 3200] f5=[0, 336, 1699, 50, 0]"
S120,D,ddrc_status,DEVLOG/update_engine_log/merge_kernel_log.1,0x1dd798,11.159904,6.6.118-android15-8-g9bc34d5b0c79-abogki537459655-4k,True,oplus_gauge_get_ddrc_status@1562,,1699,336,50,50,True,3,,,未知,,,,,,,ddrc_status[0],3250,3250,,,True,一致(任意温度档),True,原厂表(与当前 ROM 表一致),"{""cold"": 3060, ""cool"": 3150, ""normal"": 3250, ""warm"": 3250}","[""normal"", ""warm""]","f4=[3250, 3250, 3200, 3200] f5=[0, 336, 1699, 50, 0]"
S121,D,ddrc_status,DEVLOG/update_engine_log/merge_kernel_log.2,0x147e85,6.711302,6.6.118-android15-8-g9bc34d5b0c79-abogki537459655-4k,True,oplus_gauge_get_ddrc_status@1536,,1699,336,50,50,True,3,,,未知,,,,,,,ddrc_status[0],3250,3250,,,True,一致(任意温度档),True,原厂表(与当前 ROM 表一致),"{""cold"": 3060, ""cool"": 3150, ""normal"": 3250, ""warm"": 3250}","[""normal"", ""warm""]","f4=[3250, 3250, 3200, 3200] f5=[0, 336, 1699, 50, 0]"
S122,D,ddrc_status,DEVLOG/update_engine_log/merge_kernel_log.3,0x123105,6.532371,6.6.118-android15-8-g93e223c276e7-abogki500782043-4k,True,oplus_gauge_get_ddrc_status@1536,,1699,336,50,50,True,3,,,未知,,,,,,,ddrc_status[0],3250,3250,,,True,一致(任意温度档),True,原厂表(与当前 ROM 表一致),"{""cold"": 3060, ""cool"": 3150, ""normal"": 3250, ""warm"": 3250}","[""normal"", ""warm""]","f4=[3250, 3250, 3200, 3200] f5=[0, 336, 1699, 50, 0]"
S123,D,ddrc_status,DEVLOG/update_engine_log/merge_kernel_log.4,0x16592c,6.675816,6.6.118-android15-8-g93e223c276e7-abogki500782043-4k,True,oplus_gauge_get_ddrc_status@1536,,1699,335,50,50,True,3,,,未知,,,,,,,ddrc_status[0],3250,3250,,,True,一致(任意温度档),True,原厂表(与当前 ROM 表一致),"{""cold"": 3060, ""cool"": 3150, ""normal"": 3250, ""warm"": 3250}","[""normal"", ""warm""]","f4=[3250, 3250, 3200, 3200] f5=[0, 335, 1699, 50, 0]"
S124,AB,crux_alpha+beta,DEVLOG/update_engine_log/merge_kernel_log.5,0x18379c,6.847823,6.6.89-android15-8-gf4dc45704e54-abogki446052083-4k,True,oplus_chg_track_upload_trigger_data@5678,,256,57,44,44,True,2,2,3,tbat,361,3,1,1,1,15,vterm_final,3060,3060,3060,3060,True,一致(温度档已定),,原厂表(与当前 ROM 表一致),,,α(值/档位)@0x18379c + β(counts/cc)@0x1847ef
S125,D,ddrc_status,DEVLOG/update_engine_log/merge_kernel_log.5,0x180578,6.737056,6.6.89-android15-8-gf4dc45704e54-abogki446052083-4k,True,oplus_gauge_get_ddrc_status@1375,,256,57,44,44,True,2,,,未知,,,,,,,ddrc_status[0],3060,3060,,,True,一致(任意温度档),True,原厂表(与当前 ROM 表一致),"{""cold"": 3000, ""cool"": 3060, ""normal"": 3060, ""warm"": 3060}","[""cool"", ""normal"", ""warm""]","f4=[3060, 3060, 3000, 3000] f5=[0, 57, 256, 44, 0]"
S126,D,ddrc_status,DEVLOG/update_engine_log/merge_kernel_log.5,0x181c1e,6.759972,6.6.89-android15-8-gf4dc45704e54-abogki446052083-4k,True,oplus_gauge_get_ddrc_status@1375,,256,57,44,44,True,2,,,未知,,,,,,,ddrc_status[0],3060,3060,,,True,一致(任意温度档),True,原厂表(与当前 ROM 表一致),"{""cold"": 3000, ""cool"": 3060, ""normal"": 3060, ""warm"": 3060}","[""cool"", ""normal"", ""warm""]","f4=[3060, 3060, 3000, 3000] f5=[0, 57, 256, 44, 0]"
S127,D,ddrc_status,DEVLOG/update_engine_log/merge_kernel_log.5,0x18255f,6.790595,6.6.89-android15-8-gf4dc45704e54-abogki446052083-4k,True,oplus_gauge_get_ddrc_status@1375,,256,57,44,44,True,2,,,未知,,,,,,,ddrc_status[0],3060,3060,,,True,一致(任意温度档),True,原厂表(与当前 ROM 表一致),"{""cold"": 3000, ""cool"": 3060, ""normal"": 3060, ""warm"": 3060}","[""cool"", ""normal"", ""warm""]","f4=[3060, 3060, 3000, 3000] f5=[0, 57, 256, 44, 0]"
S128,D,ddrc_status,DEVLOG/update_engine_log/merge_kernel_log.6,0x11e041,6.528771,6.6.89-android15-8-gf4dc45704e54-abogki446052083-4k,True,oplus_gauge_get_ddrc_status@1375,,136,20,68,68,True,3,,,未知,,,,,,,ddrc_status[0],3060,3060,,,True,一致(任意温度档),True,原厂表(与当前 ROM 表一致),"{""cold"": 3000, ""cool"": 3060, ""normal"": 3060, ""warm"": 3060}","[""cool"", ""normal"", ""warm""]","f4=[3060, 3060, 3000, 3000] f5=[0, 20, 136, 68, 0]"
S129,AB,crux_alpha+beta,DEVLOG/update_engine_log/merge_kernel_log.7,0xb3471,6.656546,6.6.66-android15-8-g29d86c5fc9dd-abogki428889875-4k,True,oplus_chg_track_upload_trigger_data@5614,2025-10-26 15:11:09,0,1,0,0,True,0,0,2,tbat,304,2,0,0,0,50,vterm_final,3060,3060,3060,3060,True,一致(温度档已定),,原厂表(与当前 ROM 表一致),,,α(值/档位)@0xb3471 + β(counts/cc)@0xb4cb0
S130,D,ddrc_status,DEVLOG/update_engine_log/merge_kernel_log.7,0xaf9c2,6.421682,6.6.66-android15-8-g29d86c5fc9dd-abogki428889875-4k,True,oplus_gauge_get_ddrc_status@1375,,0,1,0,0,True,0,,,未知,,,,,,,ddrc_status[0],3060,3060,,,True,一致(任意温度档),True,原厂表(与当前 ROM 表一致),"{""cold"": 3000, ""cool"": 3060, ""normal"": 3060, ""warm"": 3060}","[""cool"", ""normal"", ""warm""]","f4=[3060, 3060, 3000, 3000] f5=[0, 1, 0, 0, 0]"
S131,D,ddrc_status,DEVLOG/update_engine_log/merge_kernel_log.7,0xb2a43,6.573748,6.6.66-android15-8-g29d86c5fc9dd-abogki428889875-4k,True,oplus_gauge_get_ddrc_status@1375,,0,1,0,0,True,0,,,未知,,,,,,,ddrc_status[0],3060,3060,,,True,一致(任意温度档),True,原厂表(与当前 ROM 表一致),"{""cold"": 3000, ""cool"": 3060, ""normal"": 3060, ""warm"": 3060}","[""cool"", ""normal"", ""warm""]","f4=[3060, 3060, 3000, 3000] f5=[0, 1, 0, 0, 0]"
S132,D,ddrc_status,DEVLOG/update_engine_log/merge_kernel_log.7,0xb2c6b,6.58681,6.6.66-android15-8-g29d86c5fc9dd-abogki428889875-4k,True,oplus_gauge_get_ddrc_status@1375,,0,1,0,0,True,0,,,未知,,,,,,,ddrc_status[0],3060,3060,,,True,一致(任意温度档),True,原厂表(与当前 ROM 表一致),"{""cold"": 3000, ""cool"": 3060, ""normal"": 3060, ""warm"": 3060}","[""cool"", ""normal"", ""warm""]","f4=[3060, 3060, 3000, 3000] f5=[0, 1, 0, 0, 0]"
S133,AB,crux_alpha+beta,DEVLOG/update_engine_log/merge_kernel_log.8,0xb4727,7.125431,6.6.66-android15-8-g29d86c5fc9dd-abogki428889875-4k,True,oplus_chg_track_upload_trigger_data@5614,,0,1,0,0,True,0,0,2,tbat,301,2,0,0,0,50,vterm_final,3060,3060,3060,3060,True,一致(温度档已定),,原厂表(与当前 ROM 表一致),,,α(值/档位)@0xb4727 + β(counts/cc)@0xb5848
S134,D,ddrc_status,DEVLOG/update_engine_log/merge_kernel_log.8,0xb2466,6.981214,6.6.66-android15-8-g29d86c5fc9dd-abogki428889875-4k,True,oplus_gauge_get_ddrc_status@1375,,0,1,0,0,True,0,,,未知,,,,,,,ddrc_status[0],3060,3060,,,True,一致(任意温度档),True,原厂表(与当前 ROM 表一致),"{""cold"": 3000, ""cool"": 3060, ""normal"": 3060, ""warm"": 3060}","[""cool"", ""normal"", ""warm""]","f4=[3060, 3060, 3000, 3000] f5=[0, 1, 0, 0, 0]"
S135,D,ddrc_status,DEVLOG/update_engine_log/merge_kernel_log.8,0xb3357,7.034128,6.6.66-android15-8-g29d86c5fc9dd-abogki428889875-4k,True,oplus_gauge_get_ddrc_status@1375,,0,1,0,0,True,0,,,未知,,,,,,,ddrc_status[0],3060,3060,,,True,一致(任意温度档),True,原厂表(与当前 ROM 表一致),"{""cold"": 3000, ""cool"": 3060, ""normal"": 3060, ""warm"": 3060}","[""cool"", ""normal"", ""warm""]","f4=[3060, 3060, 3000, 3000] f5=[0, 1, 0, 0, 0]"
S136,D,ddrc_status,DEVLOG/update_engine_log/merge_kernel_log.8,0xb3d9e,7.047889,6.6.66-android15-8-g29d86c5fc9dd-abogki428889875-4k,True,oplus_gauge_get_ddrc_status@1375,,0,1,0,0,True,0,,,未知,,,,,,,ddrc_status[0],3060,3060,,,True,一致(任意温度档),True,原厂表(与当前 ROM 表一致),"{""cold"": 3000, ""cool"": 3060, ""normal"": 3060, ""warm"": 3060}","[""cool"", ""normal"", ""warm""]","f4=[3060, 3060, 3000, 3000] f5=[0, 1, 0, 0, 0]"
